{
  "metadata": {
    "schemaVersion": "1.0",
    "importType": "LEX",
    "importFormat": "JSON"
  },
  "resource": {
    "description": "The level a user is comfortable risking based on Investment amount",
    "name": "riskLevel",
    "version": "2",
    "enumerationValues": [
      {
        "value": "High",
        "synonyms": [
          "alot"
        ]
      },
      {
        "value": "Very Low",
        "synonyms": [
          "Tiny",
          "a sample"
        ]
      },
      {
        "value": "Low",
        "synonyms": [
          "little",
          "small"
        ]
      },
      {
        "value": "Very High",
        "synonyms": [
          "Max",
          "To the Moon"
        ]
      },
      {
        "value": "Medium",
        "synonyms": [
          "some"
        ]
      },
      {
        "value": "None",
        "synonyms": [
          "Minimal",
          "None"
        ]
      }
    ],
    "valueSelectionStrategy": "TOP_RESOLUTION"
  }
}